673,-290589.13395311876,6649159.235928551,2016-06-22 10:07:36.975825
357,-286843.9976534957,6647852.90327201,2016-06-22 10:00:14.530284
948,-290627.6919670215,6649129.7274009315,2016-06-22 10:15:58.440155
840,-286061.979857813,6648939.177603237,2016-06-22 10:07:55.196611
873,-287911.121050535,6646760.402803414,2016-06-22 10:07:46.717361
990,-288184.4462887479,6649914.528057496,2016-06-22 10:05:09.636082
626,-290149.94423136435,6649486.232085168,2016-06-22 10:02:33.548604
197,-290153.46144004987,6649552.704714382,2016-06-22 10:08:12.525225
443,-288969.69400588,6650152.425916637,2016-06-22 10:00:54.678514
995,-286126.7854434705,6648972.285674736,2016-06-22 10:06:32.970561
671,-286920.91554082045,6649686.341802024,2016-06-22 10:09:19.656345
289,-288137.18615425,6649986.2540934775,2016-06-22 10:00:42.604261
77,-286816.5575900654,6647825.264279658,2016-06-22 10:01:49.838196
989,-286935.6214354221,6649722.899240885,2016-06-22 10:01:07.644771
849,-290114.0269359608,6649573.637255582,2016-06-22 10:05:57.391430
438,-289548.7908105533,6649884.477749786,2016-06-22 10:02:45.070076
580,-286921.5450318335,6649644.419967902,2016-06-22 10:02:18.329278
485,-290876.99496190494,6648951.72096722,2016-06-22 10:04:21.912169
73,-288144.94006588607,6649989.38228351,2016-06-22 10:10:02.700396
748,-290856.1466977914,6648965.26510896,2016-06-22 10:11:18.079205
541,-290830.30113397917,6648895.316129113,2016-06-22 10:14:37.614571
587,-290104.01460451557,6649500.599120571,2016-06-22 10:09:31.772095
906,-286117.2624726003,6648997.774466998,2016-06-22 10:04:16.369614
834,-287968.25560139696,6646752.173829029,2016-06-22 10:11:57.016302
218,-288147.3513503282,6649999.059310652,2016-06-22 10:01:27.602547
148,-287902.2461703253,6646756.514456062,2016-06-22 10:14:07.000446
694,-288229.665550786,6650007.133331518,2016-06-22 10:14:57.321568
996,-289478.64563454245,6649899.394659888,2016-06-22 10:12:40.408319
181,-288971.5007657599,6650148.568155122,2016-06-22 10:08:46.859877
680,-288227.0462499105,6649957.596245136,2016-06-22 10:15:14.645525
319,-286922.58890901157,6649677.810153887,2016-06-22 10:09:02.199083
617,-286808.9371087288,6647840.600762041,2016-06-22 10:02:34.077909
598,-286916.13146781985,6649633.701096241,2016-06-22 10:04:09.628126
539,-290609.0737449871,6649185.306535227,2016-06-22 10:09:19.201022
912,-289482.1143003385,6649844.646861118,2016-06-22 10:01:20.219543
168,-286858.7291781101,6647867.607208451,2016-06-22 10:08:01.344056
788,-287952.9451706199,6646779.369690567,2016-06-22 10:15:32.647592
913,-289484.43915101624,6649819.651951549,2016-06-22 10:07:39.779831
451,-289570.3742258099,6649866.292551532,2016-06-22 10:03:31.313948
664,-286878.23668545956,6647898.931115211,2016-06-22 10:00:02.111194
201,-290575.958030127,6649151.88843162,2016-06-22 10:09:08.267314
462,-288969.5130404902,6650139.792069999,2016-06-22 10:10:42.921469
464,-287894.5237350761,6646742.7021760475,2016-06-22 10:06:50.416862
286,-287967.17406501435,6646717.194186453,2016-06-22 10:04:31.882958
946,-289473.12395716587,6649855.405009038,2016-06-22 10:07:27.265226
819,-286832.22915959003,6648613.259994048,2016-06-22 10:16:31.279234
306,-286793.5539502279,6648600.850965786,2016-06-22 10:01:21.898451
136,-290627.1981632858,6649185.16999469,2016-06-22 10:05:34.423220
413,-286876.9402935106,6647881.163788052,2016-06-22 10:10:28.158122
839,-290541.3238972567,6649198.447351413,2016-06-22 10:03:22.804709
547,-290166.1980399704,6649575.151059031,2016-06-22 10:07:39.552381
324,-290629.9448398484,6649125.249218795,2016-06-22 10:01:54.551033
497,-286109.09983146045,6648954.321827983,2016-06-22 10:10:57.792349
249,-287890.5670525914,6646776.728617222,2016-06-22 10:16:00.265765
967,-290591.2880806277,6649168.333270827,2016-06-22 10:08:49.951122
82,-288968.66816141247,6650140.681567302,2016-06-22 10:02:57.411830
818,-286921.05869927333,6649699.029124868,2016-06-22 10:07:42.529618
679,-287893.2784265731,6646787.321167362,2016-06-22 10:12:10.980432
785,-286785.7871262846,6647859.707226259,2016-06-22 10:02:14.503122
157,-286868.6076533139,6649668.512647457,2016-06-22 10:03:09.140455
830,-289493.81210464425,6649836.105638578,2016-06-22 10:08:25.699148
672,-290119.48016415746,6649515.593383497,2016-06-22 10:14:39.064281
355,-290824.90684039105,6648960.200248694,2016-06-22 10:10:04.395000
826,-286942.91678825486,6649663.560613961,2016-06-22 10:11:17.283905
865,-290857.8803092197,6648889.751325045,2016-06-22 10:03:59.040130
6,-286756.8473497608,6648546.708241088,2016-06-22 10:10:59.903505
578,-289543.8813374016,6649871.636226289,2016-06-22 10:07:39.888310
720,-286092.7081829014,6648950.934113825,2016-06-22 10:06:29.522376
334,-287891.8450202036,6646786.492320695,2016-06-22 10:08:21.794618
191,-289005.03939654835,6650172.884766753,2016-06-22 10:05:24.521373
62,-290179.75247509545,6649506.22711682,2016-06-22 10:16:03.386246
1,-290822.4579408583,6648889.347360722,2016-06-22 10:02:12.327994
850,-290819.89658430195,6648969.5465099085,2016-06-22 10:07:15.106413
875,-287948.94306347996,6646704.367138117,2016-06-22 10:13:21.282307
190,-290567.04558487725,6649170.327172479,2016-06-22 10:00:27.664859
187,-286831.80946868204,6647824.305652774,2016-06-22 10:05:58.146682
276,-290131.4687841369,6649540.62118321,2016-06-22 10:14:55.277438
283,-290834.34430919675,6648904.139374701,2016-06-22 10:01:06.624746
940,-290872.0567139372,6648952.564093681,2016-06-22 10:04:22.680022
552,-290577.0874263912,6649168.563786149,2016-06-22 10:12:09.741228
407,-286954.1703723198,6649657.669112843,2016-06-22 10:00:56.180250
420,-289546.16533541365,6649874.077753807,2016-06-22 10:02:51.562646
614,-288181.2373974343,6649928.844296427,2016-06-22 10:10:47.670806
455,-286880.2849393259,6647898.900079283,2016-06-22 10:11:20.028006
620,-288221.8894691941,6649924.06155099,2016-06-22 10:15:57.863012
325,-290807.3959646495,6648978.386095173,2016-06-22 10:03:49.304902
916,-288170.6558504237,6649950.304464475,2016-06-22 10:08:18.379902
55,-289507.98163730046,6649828.36614902,2016-06-22 10:00:57.373494
853,-286845.3666428153,6647885.753682699,2016-06-22 10:14:54.475856
329,-286867.0032392967,6649649.208833529,2016-06-22 10:06:56.114018
520,-286920.90351038607,6649662.1005023215,2016-06-22 10:10:02.171747
424,-287963.1307299632,6646749.160578395,2016-06-22 10:10:59.882702
235,-286892.1182161391,6649638.499674523,2016-06-22 10:04:12.407282
465,-288221.4052175134,6649975.56865912,2016-06-22 10:11:16.396056
939,-288981.46217405295,6650111.520242069,2016-06-22 10:12:16.712379
14,-286742.5161624536,6648637.4884384805,2016-06-22 10:15:25.434630
260,-290586.8047769644,6649106.33152109,2016-06-22 10:00:02.744920
347,-286779.9890438921,6648594.125973541,2016-06-22 10:06:36.853976
64,-286824.1435806096,6648580.785801684,2016-06-22 10:11:58.951275
88,-288999.2327699693,6650173.062354461,2016-06-22 10:06:38.481345
731,-290549.9419997012,6649172.910532792,2016-06-22 10:09:12.112365
196,-289492.2266614726,6649898.4157010475,2016-06-22 10:15:22.910965
315,-290806.2819454632,6648935.334481756,2016-06-22 10:01:06.356769
360,-287946.82264947944,6646755.056258817,2016-06-22 10:13:54.443252
824,-286907.32401759323,6649635.752813065,2016-06-22 10:06:20.546301
911,-290113.4324055798,6649478.153314608,2016-06-22 10:14:46.282071
402,-286140.43152587157,6649015.071788291,2016-06-22 10:12:28.736130
893,-290849.6294450517,6648951.509157558,2016-06-22 10:10:09.105698
446,-286867.93858668895,6649698.112156766,2016-06-22 10:08:43.933829
272,-288996.9831705206,6650170.074675196,2016-06-22 10:12:15.321728
591,-290637.90288419515,6649129.452037118,2016-06-22 10:05:14.796049
75,-287961.21295760386,6646701.769121527,2016-06-22 10:05:25.845066
316,-288210.92739054555,6649925.492568818,2016-06-22 10:02:24.491887
734,-286794.3321587077,6648621.49667749,2016-06-22 10:14:08.227394
415,-290191.34055423475,6649510.438954088,2016-06-22 10:16:31.685798
652,-286953.48616497015,6649656.719147614,2016-06-22 10:00:36.368448
941,-286770.7576310337,6648605.417288348,2016-06-22 10:10:06.296677
554,-286846.17188023066,6647824.49805517,2016-06-22 10:15:20.021185
621,-286113.22868721915,6648945.441548927,2016-06-22 10:08:15.377656
924,-289547.25745360117,6649906.665015606,2016-06-22 10:12:38.531778
562,-286911.1231443,6649703.942476759,2016-06-22 10:03:51.520388
969,-289540.8741635791,6649848.0463561,2016-06-22 10:03:14.549403
630,-288989.43518417026,6650144.327176764,2016-06-22 10:09:23.401789
221,-290633.7699412755,6649124.098752975,2016-06-22 10:06:42.264713
21,-289017.33535142447,6650125.66626892,2016-06-22 10:13:23.895097
810,-286815.74489584134,6648633.140773979,2016-06-22 10:00:59.205780
119,-289035.87518079183,6650116.633588188,2016-06-22 10:14:50.628886
452,-286877.1827506889,6647840.241937046,2016-06-22 10:00:07.031463
46,-290569.5233405917,6649118.119224759,2016-06-22 10:12:40.656215
954,-287909.7480682649,6646746.118859724,2016-06-22 10:07:53.499877
722,-287970.62768096727,6646756.430973434,2016-06-22 10:16:22.177388
749,-288142.6586382166,6649982.294307525,2016-06-22 10:02:45.433907
263,-286789.8862556133,6647869.501545733,2016-06-22 10:14:40.769727
243,-290836.3859094859,6648898.708985516,2016-06-22 10:15:35.180164
91,-287954.4523416864,6646762.846474231,2016-06-22 10:02:42.855507
205,-289507.88857109816,6649884.599213516,2016-06-22 10:01:38.893927
340,-286130.60900360957,6649002.957972779,2016-06-22 10:12:26.081435
602,-290816.19338306785,6648898.686797936,2016-06-22 10:14:33.175575
423,-286083.58393609006,6648938.257378517,2016-06-22 10:01:43.581727
80,-290175.3471486209,6649485.044076078,2016-06-22 10:16:22.351663
972,-286863.90297087753,6649641.573207632,2016-06-22 10:15:09.670280
236,-286110.4964145456,6648956.225058442,2016-06-22 10:11:16.492775
469,-290819.9673099485,6648973.726111661,2016-06-22 10:07:37.750624
741,-286786.7079263565,6648582.8331363965,2016-06-22 10:02:58.406861
663,-289041.3799601686,6650126.472729536,2016-06-22 10:11:46.687867
532,-290128.124533078,6649482.577599584,2016-06-22 10:12:48.320076
878,-286832.5363062251,6648597.2228830885,2016-06-22 10:10:22.002805
200,-290827.24512851273,6648925.7117272755,2016-06-22 10:12:32.792246
435,-286813.87498597504,6648596.10905467,2016-06-22 10:09:56.988283
339,-289499.6393319498,6649907.602274639,2016-06-22 10:08:37.571587
910,-286795.6071258821,6647889.923058877,2016-06-22 10:04:19.015274
832,-288215.4019906474,6649977.554741861,2016-06-22 10:07:54.620241
511,-289475.5202701594,6649853.626587358,2016-06-22 10:03:43.003029
259,-288970.1652967403,6650109.645360021,2016-06-22 10:16:27.808367
733,-288176.3805763758,6650010.3417395195,2016-06-22 10:12:02.308273
629,-288132.31307222135,6649960.2904182095,2016-06-22 10:14:47.956566
359,-286888.7349846071,6649684.964006766,2016-06-22 10:16:34.295211
753,-286845.4179333471,6647904.531305264,2016-06-22 10:01:25.401394
926,-289486.36356757587,6649819.182999683,2016-06-22 10:01:01.629255
264,-289556.8071267391,6649859.837472817,2016-06-22 10:15:00.987650
311,-288161.90767872083,6649976.102070726,2016-06-22 10:06:05.168446
976,-290179.57388355146,6649541.519100858,2016-06-22 10:09:38.311215
150,-288201.9123016099,6650000.938528933,2016-06-22 10:08:01.195661
886,-290867.2078634623,6648901.456508836,2016-06-22 10:11:24.357128
611,-290134.23880092095,6649479.997826773,2016-06-22 10:15:32.509013
172,-286923.77832138934,6649662.589716947,2016-06-22 10:13:33.995205
857,-287949.7779984862,6646740.287074493,2016-06-22 10:12:46.995771
787,-288991.895718854,6650118.942133286,2016-06-22 10:08:44.712520
641,-290846.28731722746,6648974.825430659,2016-06-22 10:07:21.327062
576,-289485.01977223955,6649908.142815921,2016-06-22 10:14:22.692425
83,-289487.3719908302,6649834.38629531,2016-06-22 10:10:57.275483
374,-290859.412942862,6648974.632282569,2016-06-22 10:12:08.404895
937,-290890.26848260313,6648882.529804868,2016-06-22 10:00:12.711917
727,-286871.9668984912,6649661.802136706,2016-06-22 10:07:54.942939
480,-290162.95175800234,6649521.563087633,2016-06-22 10:06:36.834653
498,-290572.05357817136,6649161.878441894,2016-06-22 10:11:20.679341
183,-290568.58365677134,6649157.696321662,2016-06-22 10:05:06.444855
994,-288138.86203409167,6649946.3739052955,2016-06-22 10:06:48.985353
313,-290104.474051817,6649564.680719891,2016-06-22 10:13:48.398015
155,-289031.4568123205,6650106.101477519,2016-06-22 10:10:52.488284
13,-286793.5186875495,6647871.361377106,2016-06-22 10:15:04.535695
563,-290830.0170067103,6648979.989816519,2016-06-22 10:05:09.013342
559,-288146.6408611465,6649946.902225284,2016-06-22 10:14:54.113752
866,-290809.9734937052,6648944.749745197,2016-06-22 10:13:28.399923
216,-290899.0561536243,6648972.543129618,2016-06-22 10:05:54.543173
595,-290858.8425342659,6648961.363235738,2016-06-22 10:10:04.517541
944,-286847.8374990954,6647906.153171333,2016-06-22 10:03:59.143791
246,-290600.002009184,6649204.095899178,2016-06-22 10:15:52.947801
411,-290157.8297680526,6649516.569254006,2016-06-22 10:14:24.627562
728,-290898.26005445747,6648953.250235794,2016-06-22 10:05:23.113833
960,-286874.55061165406,6647837.885261106,2016-06-22 10:02:29.980084
8,-286833.20119087095,6647844.333269947,2016-06-22 10:06:46.385338
444,-289047.8209464412,6650173.144037383,2016-06-22 10:08:41.670621
262,-290863.84021220164,6648930.463792055,2016-06-22 10:07:27.538007
551,-288211.00777783076,6649926.642261672,2016-06-22 10:14:15.486613
166,-290821.41439117317,6648955.37405652,2016-06-22 10:11:25.937679
773,-288133.63145147107,6650011.969576818,2016-06-22 10:04:58.932324
553,-289480.51424437365,6649842.308264131,2016-06-22 10:11:46.910930
474,-290104.62194349157,6649547.382561497,2016-06-22 10:10:08.877622
290,-287934.3451644993,6646703.166532958,2016-06-22 10:09:51.060927
295,-290598.7780980595,6649131.915843468,2016-06-22 10:10:50.409885
426,-286814.5266113032,6648600.108006047,2016-06-22 10:02:24.403272
949,-290841.00888716104,6648967.561233063,2016-06-22 10:16:19.854993
769,-286069.4002019522,6648982.308463094,2016-06-22 10:14:28.599137
120,-290180.463286802,6649542.404172811,2016-06-22 10:00:51.576825
84,-289559.9563659563,6649858.972914084,2016-06-22 10:02:02.062679
379,-289476.63212236844,6649864.731065266,2016-06-22 10:05:25.780829
571,-286790.3372494851,6648624.025487301,2016-06-22 10:14:49.296722
579,-290620.84739009145,6649148.487560896,2016-06-22 10:09:38.299321
566,-288984.8756025123,6650153.664025671,2016-06-22 10:07:14.837914
738,-289482.175909326,6649906.695849383,2016-06-22 10:00:03.820637
9,-289047.33686201955,6650170.19492022,2016-06-22 10:11:39.053566
546,-286834.41234297183,6647866.608852297,2016-06-22 10:03:20.294005
987,-286762.5780632207,6648641.79482,2016-06-22 10:09:55.848347
373,-286906.96952235966,6649660.396842158,2016-06-22 10:08:54.113985
831,-290117.1799958316,6649567.877102777,2016-06-22 10:00:16.699370
44,-290568.68133549765,6649124.340749656,2016-06-22 10:05:32.083924
223,-288968.6653853888,6650147.171331316,2016-06-22 10:03:32.751780
222,-288146.83164746256,6649923.187664767,2016-06-22 10:07:53.783896
677,-286106.1383180131,6649012.261303697,2016-06-22 10:09:18.848915
982,-290572.3737178113,6649183.399145722,2016-06-22 10:07:17.211256
589,-290181.3178858035,6649529.655117215,2016-06-22 10:11:37.155706
288,-287946.89685259183,6646763.2831802275,2016-06-22 10:01:05.984014
605,-288131.51801369875,6649965.906102108,2016-06-22 10:12:33.388279
651,-289484.5595072177,6649887.081533394,2016-06-22 10:15:08.565993
395,-286856.65094497585,6647844.4155711,2016-06-22 10:08:01.182320
717,-289474.45831713907,6649895.236908238,2016-06-22 10:01:59.781925
980,-290181.5993115213,6649552.104017081,2016-06-22 10:13:49.555926
874,-289569.56461725046,6649881.928345163,2016-06-22 10:12:18.402963
514,-286798.036867455,6648565.018552953,2016-06-22 10:15:03.886537
584,-288215.5442469501,6650009.211056233,2016-06-22 10:15:58.835691
766,-286951.48016839486,6649631.4657545965,2016-06-22 10:07:58.722304
209,-290580.97389991215,6649169.718418177,2016-06-22 10:08:28.598309
450,-288178.60017000494,6649958.446109114,2016-06-22 10:11:05.482555
301,-290631.0008707614,6649186.7374963015,2016-06-22 10:07:54.724951
862,-286089.6584991707,6649007.206708279,2016-06-22 10:09:19.393750
828,-289057.80732035113,6650109.681500706,2016-06-22 10:07:45.017389
809,-288149.1710659063,6650011.986364858,2016-06-22 10:16:01.114420
685,-290141.8800579393,6649511.338336634,2016-06-22 10:13:42.819812
706,-288177.8773044208,6649998.289779471,2016-06-22 10:16:23.721427
603,-287888.7738189683,6646752.55237545,2016-06-22 10:05:31.112434
955,-286096.1616383427,6648962.441643376,2016-06-22 10:14:20.790381
625,-286063.77022855333,6649007.850090134,2016-06-22 10:01:48.855584
130,-290193.8454983387,6649571.4192637075,2016-06-22 10:02:58.820589
512,-286771.5373096301,6648629.714381983,2016-06-22 10:13:35.345382
358,-287941.53700541425,6646725.54994047,2016-06-22 10:04:17.826696
890,-286137.2046073602,6648962.775937941,2016-06-22 10:04:03.439399
16,-286770.9693465159,6648569.161671141,2016-06-22 10:12:34.730184
87,-290841.8808943167,6648957.139929519,2016-06-22 10:00:09.308367
227,-286846.98332590837,6647900.205271899,2016-06-22 10:09:32.023243
794,-286076.08661614795,6648997.989864914,2016-06-22 10:13:40.288099
40,-286830.71583421185,6647845.885353337,2016-06-22 10:00:03.102349
508,-289559.6963157953,6649900.660039408,2016-06-22 10:03:18.648641
208,-286788.4400973901,6648642.424142131,2016-06-22 10:16:12.694596
447,-289525.0632104063,6649900.616650352,2016-06-22 10:02:54.148430
475,-290604.6757455199,6649126.119889635,2016-06-22 10:06:07.500183
735,-286743.9295141798,6648567.712215583,2016-06-22 10:14:54.452450
366,-289570.1361562133,6649899.950371711,2016-06-22 10:01:04.234344
457,-290619.87247988983,6649177.006435669,2016-06-22 10:09:01.126213
647,-289482.53338736383,6649849.860402156,2016-06-22 10:14:07.899112
317,-290188.2548651707,6649569.775793578,2016-06-22 10:08:15.635626
468,-290153.6128486142,6649487.91470709,2016-06-22 10:10:14.055971
24,-286079.5316876907,6648947.640078515,2016-06-22 10:05:54.818942
927,-288131.5028546294,6649972.991954525,2016-06-22 10:07:36.062645
931,-286775.7215776399,6648560.220626979,2016-06-22 10:13:28.816324
859,-290887.0447216531,6648960.942472465,2016-06-22 10:09:29.392586
519,-286078.04363221565,6649013.306922711,2016-06-22 10:07:38.441548
399,-289022.6379421729,6650127.308922945,2016-06-22 10:11:53.171382
656,-289483.0950175543,6649860.512062705,2016-06-22 10:05:00.259981
918,-290824.1072262749,6648964.682091682,2016-06-22 10:13:35.070846
718,-288995.7337999251,6650115.879015013,2016-06-22 10:08:04.939695
327,-290577.8210328103,6649117.196917923,2016-06-22 10:11:45.012041
695,-286831.47572397033,6647847.448603611,2016-06-22 10:09:21.368353
66,-289475.241531153,6649884.355701292,2016-06-22 10:10:46.965842
900,-290840.44854661444,6648897.925047073,2016-06-22 10:13:05.176643
348,-289525.30625600973,6649868.957187943,2016-06-22 10:07:46.527601
292,-289015.16367729567,6650086.091733183,2016-06-22 10:15:40.253618
613,-286875.0953453851,6647845.458548325,2016-06-22 10:14:19.916608
330,-289542.1911489785,6649891.36072832,2016-06-22 10:12:46.647120
142,-288977.18163110607,6650116.777820289,2016-06-22 10:08:01.795870
86,-288197.23059850326,6649945.927026876,2016-06-22 10:01:19.349261
956,-286877.55995588884,6649680.168850548,2016-06-22 10:02:23.744487
786,-287962.6159422886,6646742.2162195165,2016-06-22 10:02:21.416616
574,-288214.77985981666,6649918.6716996115,2016-06-22 10:07:45.973157
973,-286892.26315000147,6649723.056697413,2016-06-22 10:02:55.017316
851,-286838.92489762115,6647868.890755418,2016-06-22 10:15:32.316746
173,-290625.9402109945,6649183.058717099,2016-06-22 10:03:55.197596
908,-286905.1691867576,6649645.340789034,2016-06-22 10:12:27.048897
811,-288961.441918172,6650082.730122905,2016-06-22 10:00:04.431405
543,-289562.6491066631,6649868.607843043,2016-06-22 10:06:55.406450
569,-290168.8257972435,6649504.072597083,2016-06-22 10:14:20.258152
247,-289031.02642479783,6650159.852642718,2016-06-22 10:00:09.298747
182,-286920.9752209515,6649646.290592922,2016-06-22 10:01:54.533327
139,-289524.30387712724,6649883.781415296,2016-06-22 10:01:22.052857
604,-290565.48692726763,6649110.696812136,2016-06-22 10:14:57.925604
693,-286072.906065438,6648994.190024259,2016-06-22 10:12:57.243425
85,-289034.492045866,6650110.259639026,2016-06-22 10:13:43.545918
739,-290112.22320797265,6649571.126806786,2016-06-22 10:16:30.369372
440,-286833.63197056117,6647825.740740484,2016-06-22 10:10:50.462661
868,-286780.1425068759,6648553.9610001,2016-06-22 10:07:10.445977
90,-286744.2177203359,6648562.824461479,2016-06-22 10:08:15.996835
797,-290583.7198352158,6649178.083707751,2016-06-22 10:07:21.653305
796,-290164.146053129,6649479.922337255,2016-06-22 10:08:16.597440
642,-286927.49420781893,6649680.510744271,2016-06-22 10:10:18.980280
515,-289484.9663831978,6649832.8975171065,2016-06-22 10:14:36.298397
133,-286835.24154787994,6647859.011645796,2016-06-22 10:13:19.473091
338,-288211.6451976737,6649930.909719879,2016-06-22 10:06:38.135196
198,-286057.3984213942,6648972.439178175,2016-06-22 10:12:32.385102
137,-290804.5343471466,6648910.213327019,2016-06-22 10:06:42.205661
676,-287896.463191898,6646720.367184256,2016-06-22 10:09:06.904456
388,-288159.3662118535,6649937.627100061,2016-06-22 10:11:24.990352
658,-289008.5167192203,6650103.004297482,2016-06-22 10:06:55.759488
935,-286107.3980604624,6648935.134943034,2016-06-22 10:03:41.381190
962,-286065.4294847772,6648971.939379726,2016-06-22 10:05:24.311518
881,-286800.229512474,6647821.778645218,2016-06-22 10:02:19.077554
622,-287900.54628740094,6646790.420296947,2016-06-22 10:06:14.853353
277,-288149.5983588658,6649924.4461006895,2016-06-22 10:12:43.803876
754,-288214.1993473851,6649960.000795855,2016-06-22 10:01:27.734818
318,-286068.7828250642,6648947.341090837,2016-06-22 10:04:14.248823
17,-286832.3222917803,6648582.075333331,2016-06-22 10:08:27.943065
920,-288199.72631272924,6649933.980111277,2016-06-22 10:05:34.283187
471,-287900.40930460906,6646734.832906136,2016-06-22 10:12:50.677801
763,-286812.92079440434,6648626.97219789,2016-06-22 10:10:11.311615
49,-289549.4969188658,6649813.274340087,2016-06-22 10:03:34.979888
988,-290802.0701731724,6648881.924156157,2016-06-22 10:02:36.069957
655,-286854.7203347993,6649717.141789588,2016-06-22 10:12:08.915638
387,-289527.83195899654,6649875.617951482,2016-06-22 10:09:14.229023
779,-288179.13426293206,6649956.689167282,2016-06-22 10:08:38.236072
555,-289055.2649571814,6650174.916980616,2016-06-22 10:11:52.488868
335,-286104.01889173023,6649005.991017769,2016-06-22 10:15:08.850294
156,-286075.7647091857,6648931.880215726,2016-06-22 10:02:03.507407
350,-289534.022455466,6649826.209560852,2016-06-22 10:11:22.181132
704,-290164.355650631,6649531.098823804,2016-06-22 10:12:13.246964
297,-286126.29602831963,6649002.995060824,2016-06-22 10:09:34.908920
814,-288161.3641638125,6649978.746567178,2016-06-22 10:10:28.218932
279,-287970.0678196061,6646732.522590316,2016-06-22 10:15:59.774274
864,-288977.50758805824,6650087.634003545,2016-06-22 10:14:00.858197
345,-290879.86326172645,6648954.969963178,2016-06-22 10:00:11.789697
979,-290824.0023807536,6648905.205694651,2016-06-22 10:03:18.257379
536,-286865.3986873803,6647825.240138427,2016-06-22 10:01:16.075513
767,-290156.49957288423,6649535.579305125,2016-06-22 10:10:17.098403
633,-287907.54740770574,6646716.058424904,2016-06-22 10:05:49.082477
618,-290177.81709034805,6649561.236292496,2016-06-22 10:12:02.583634
184,-286909.6046617215,6649697.899827337,2016-06-22 10:14:13.556175
983,-289528.12104248756,6649836.518570262,2016-06-22 10:14:44.452720
807,-290633.9789322945,6649181.364665868,2016-06-22 10:12:14.404010
439,-289033.3117955382,6650129.977831217,2016-06-22 10:13:54.712465
463,-288226.8265343828,6649935.981306434,2016-06-22 10:02:08.776813
228,-289047.1201163708,6650096.132133475,2016-06-22 10:09:20.492986
95,-288967.139022674,6650153.7523080595,2016-06-22 10:04:24.539237
275,-286920.4953766032,6649639.908525548,2016-06-22 10:03:43.314903
964,-290584.5445452411,6649131.387462579,2016-06-22 10:11:23.464115
11,-286896.2729162235,6649650.079453766,2016-06-22 10:07:57.030889
506,-289532.15348885115,6649835.267193557,2016-06-22 10:13:22.148926
165,-290891.60305095563,6648969.864547401,2016-06-22 10:15:22.483838
855,-290581.76570836146,6649118.130364918,2016-06-22 10:12:43.152031
147,-286827.82322344615,6647810.485030303,2016-06-22 10:04:23.028104
919,-286819.9205669061,6648635.664522218,2016-06-22 10:13:47.048328
729,-288215.09064584825,6649932.01919111,2016-06-22 10:03:33.708400
131,-287886.8224511767,6646753.24155635,2016-06-22 10:06:21.800422
736,-286766.66435100156,6648543.989970892,2016-06-22 10:12:34.675258
689,-286818.4173292205,6648556.183439021,2016-06-22 10:03:48.677464
341,-289535.9394652238,6649889.962883307,2016-06-22 10:16:27.055716
724,-287938.62436097104,6646721.999060121,2016-06-22 10:08:19.860759
507,-286858.04058115237,6649665.083374668,2016-06-22 10:11:35.382305
500,-290114.4611301623,6649498.602786697,2016-06-22 10:01:59.142149
78,-290812.8438899121,6648910.011671073,2016-06-22 10:05:53.698934
461,-286125.04222459,6648993.459641721,2016-06-22 10:02:51.599439
403,-286825.00811898557,6648548.193654126,2016-06-22 10:14:31.374649
726,-289477.50764173316,6649880.1636021845,2016-06-22 10:15:02.501866
806,-290177.47064638487,6649571.643493206,2016-06-22 10:05:47.922117
267,-290154.05359326885,6649479.066503119,2016-06-22 10:07:49.523459
381,-286934.80064457934,6649726.028407353,2016-06-22 10:15:46.387016
141,-286801.5828842941,6648567.306844858,2016-06-22 10:04:41.768616
412,-286843.089081219,6647876.461096543,2016-06-22 10:14:09.155891
170,-288157.11279895797,6649993.577676083,2016-06-22 10:08:52.896433
38,-286891.9547300591,6649721.336335674,2016-06-22 10:12:01.399790
765,-288209.9036013071,6649937.325400451,2016-06-22 10:00:34.314207
206,-287893.8288209583,6646734.720050763,2016-06-22 10:10:23.036667
307,-289509.3469094164,6649856.0710906545,2016-06-22 10:00:35.193463
406,-288231.2537861007,6649959.561529226,2016-06-22 10:07:49.064827
375,-286838.4775887819,6647812.793836825,2016-06-22 10:12:50.759129
68,-286112.0874697935,6648965.825661333,2016-06-22 10:02:01.115091
372,-286759.23043504363,6648587.036861392,2016-06-22 10:06:26.228262
871,-286896.0350762886,6649700.399697722,2016-06-22 10:02:29.291984
428,-288960.9695526235,6650093.410415574,2016-06-22 10:12:34.235922
361,-286814.67213500314,6647876.405357513,2016-06-22 10:06:33.502900
963,-286943.0849087652,6649659.514627975,2016-06-22 10:02:31.127872
953,-286876.75285736524,6649716.665006791,2016-06-22 10:15:13.010310
89,-288135.38993466535,6649918.015952002,2016-06-22 10:06:43.023721
124,-286809.5727772379,6647865.84150493,2016-06-22 10:10:41.457580
460,-288221.1649853374,6649981.611367956,2016-06-22 10:09:36.828176
54,-289557.54328808124,6649817.185008098,2016-06-22 10:08:52.337865
7,-286815.8377966187,6647891.385611994,2016-06-22 10:15:46.433202
34,-286836.31584902626,6647825.12257651,2016-06-22 10:00:01.454002
257,-289497.2230906393,6649816.661160084,2016-06-22 10:09:48.364445
128,-289550.287184062,6649896.90300546,2016-06-22 10:00:22.179263
63,-289562.9688052477,6649825.280086453,2016-06-22 10:10:05.248244
27,-290547.07247366384,6649141.081145936,2016-06-22 10:11:30.660711
354,-286775.86264267727,6648561.713799273,2016-06-22 10:03:51.476032
52,-286885.40216015873,6649658.691664055,2016-06-22 10:01:31.539608
710,-286951.5704266783,6649703.920301309,2016-06-22 10:11:48.073445
487,-286861.79593296483,6647837.139476379,2016-06-22 10:06:09.570763
564,-286861.09547323966,6649684.631047101,2016-06-22 10:03:51.247071
901,-289054.13705334114,6650080.2116733575,2016-06-22 10:00:30.315650
328,-287967.4053748358,6646745.971128513,2016-06-22 10:14:55.359271
93,-288963.2131314746,6650167.527704307,2016-06-22 10:01:09.661663
623,-286916.8378405391,6649640.123370675,2016-06-22 10:08:35.297376
583,-288189.7975874411,6649987.938469019,2016-06-22 10:06:15.690329
51,-286078.03321524756,6648997.3459611,2016-06-22 10:04:25.732843
636,-286861.6080633822,6649637.628235482,2016-06-22 10:00:47.981708
50,-290834.5873607649,6648932.288331324,2016-06-22 10:14:54.886308
225,-290629.3700134039,6649128.304949167,2016-06-22 10:04:25.687180
234,-286889.08477958385,6649661.365053475,2016-06-22 10:15:37.434859
233,-290886.14819362806,6648920.191667765,2016-06-22 10:06:03.839568
149,-290637.5104567779,6649130.314010892,2016-06-22 10:11:05.764302
938,-286817.34764418297,6648634.605904856,2016-06-22 10:08:36.946980
999,-286064.07027323695,6648943.84858723,2016-06-22 10:15:07.883727
889,-290899.25170286663,6648943.50144311,2016-06-22 10:04:22.580837
226,-290180.98830552667,6649487.642433052,2016-06-22 10:05:39.476005
245,-290614.02668296883,6649166.239569335,2016-06-22 10:07:02.139714
478,-288965.2190200669,6650144.935059453,2016-06-22 10:13:40.272584
535,-290136.5026157652,6649537.52978532,2016-06-22 10:16:07.173469
666,-290160.2234666636,6649546.674777379,2016-06-22 10:05:09.948126
268,-289553.24200627947,6649879.380669019,2016-06-22 10:03:01.844958
892,-286809.7494119567,6647829.248958676,2016-06-22 10:02:10.056646
421,-286906.6645479156,6649639.03835589,2016-06-22 10:00:28.534571
436,-286824.0063525933,6647892.311563748,2016-06-22 10:05:08.546131
701,-287961.3991423542,6646699.517040625,2016-06-22 10:08:18.976310
144,-286791.6590153996,6647847.779076274,2016-06-22 10:11:30.086031
42,-286755.498835633,6648600.705907854,2016-06-22 10:12:34.783932
860,-287908.70260684105,6646740.647196862,2016-06-22 10:07:14.048929
337,-288131.7167077512,6649959.615761392,2016-06-22 10:04:40.750608
721,-288203.7048984922,6649978.179502758,2016-06-22 10:01:09.360224
365,-287930.1665557858,6646785.702814257,2016-06-22 10:11:52.757454
299,-290832.0620770738,6648977.427376746,2016-06-22 10:09:45.396342
224,-289001.19543085387,6650152.777502918,2016-06-22 10:05:34.261939
106,-288220.2804889606,6650006.018558274,2016-06-22 10:09:32.697258
43,-286744.62575286464,6648607.75437216,2016-06-22 10:06:49.531633
777,-290558.763982117,6649166.919438414,2016-06-22 10:15:54.484063
915,-289486.7314292885,6649838.43391244,2016-06-22 10:07:00.435904
192,-286947.55936047004,6649728.821550425,2016-06-22 10:06:08.444760
445,-286785.00188834034,6648619.445595931,2016-06-22 10:10:08.708731
681,-286850.7064251335,6647810.095847011,2016-06-22 10:15:15.651571
320,-290544.7079259146,6649137.286806788,2016-06-22 10:00:38.164103
230,-290569.48734937666,6649131.607095659,2016-06-22 10:11:10.469548
271,-286922.7817681044,6649718.222017166,2016-06-22 10:04:51.425292
466,-286808.733088435,6648641.052628077,2016-06-22 10:15:22.591443
761,-290567.03553657955,6649109.822942965,2016-06-22 10:05:52.379177
538,-286825.9780422505,6647895.687379239,2016-06-22 10:14:19.898729
549,-290609.79507090955,6649170.020498354,2016-06-22 10:14:50.365766
140,-289536.44161415746,6649856.931223477,2016-06-22 10:05:58.854265
805,-287882.18985668453,6646740.625934814,2016-06-22 10:02:52.934014
129,-288998.74716528645,6650104.664831749,2016-06-22 10:06:28.181080
856,-286060.2574633595,6648950.502882247,2016-06-22 10:11:10.670910
36,-289045.1899957559,6650172.297456115,2016-06-22 10:15:32.009711
253,-289496.86094975274,6649877.864079015,2016-06-22 10:16:08.683566
812,-289043.2523981845,6650086.551938972,2016-06-22 10:10:00.085790
771,-290179.994275542,6649544.82657554,2016-06-22 10:02:58.910634
273,-290880.7330774499,6648926.655967369,2016-06-22 10:10:22.776799
304,-290097.5788099456,6649532.523645949,2016-06-22 10:02:24.192892
800,-286083.5330885386,6648946.515199245,2016-06-22 10:05:44.118563
540,-287934.95724440325,6646756.837648001,2016-06-22 10:09:14.315575
837,-290888.85145022883,6648947.789932576,2016-06-22 10:04:04.265482
599,-289054.1395135576,6650104.244952882,2016-06-22 10:07:39.316428
608,-288179.0032948001,6649974.762125962,2016-06-22 10:15:05.154389
517,-286780.8801518542,6648550.955459864,2016-06-22 10:09:56.633362
752,-287895.71252503974,6646723.511136032,2016-06-22 10:13:17.194299
385,-289488.83665337635,6649817.549371597,2016-06-22 10:15:59.157785
567,-290860.09710961895,6648903.250008054,2016-06-22 10:15:54.249911
135,-288142.9390578255,6649946.627869219,2016-06-22 10:09:40.048069
158,-286143.0575975619,6648975.098824029,2016-06-22 10:13:46.012143
923,-286777.4003702235,6648631.605344105,2016-06-22 10:14:08.906809
667,-286088.34506461356,6649026.764490395,2016-06-22 10:00:36.197813
255,-286800.9266611683,6648602.079738565,2016-06-22 10:04:33.852975
882,-286101.0028510798,6648939.779995035,2016-06-22 10:07:25.331020
300,-290587.0295137201,6649197.297167211,2016-06-22 10:14:12.093230
790,-290125.33686918777,6649552.334240394,2016-06-22 10:13:42.037363
274,-290567.9385126045,6649143.924393002,2016-06-22 10:03:11.260718
804,-288222.2439756357,6649932.532542215,2016-06-22 10:13:13.228993
700,-286836.7365572071,6648581.7131036725,2016-06-22 10:15:39.820787
152,-288154.550247447,6649984.990785947,2016-06-22 10:15:41.468983
417,-289007.53192586865,6650170.565015716,2016-06-22 10:06:44.428897
239,-287883.81764571584,6646760.966491613,2016-06-22 10:12:36.966253
808,-288990.7582016948,6650094.128342013,2016-06-22 10:03:51.787242
482,-289505.04182811064,6649867.748415957,2016-06-22 10:16:31.986238
453,-286807.37013767444,6647883.041345047,2016-06-22 10:12:55.906443
707,-286837.2664789396,6647862.431407332,2016-06-22 10:10:04.619478
970,-286781.8773125399,6647834.034129733,2016-06-22 10:02:44.968393
332,-289032.05374224717,6650139.522498505,2016-06-22 10:13:32.167097
887,-286089.5840853557,6649017.212361544,2016-06-22 10:01:40.739050
349,-286130.75046910095,6649025.62193463,2016-06-22 10:07:53.650746
248,-288218.2010466105,6649960.187421289,2016-06-22 10:04:21.747512
793,-290574.8422848613,6649160.680870385,2016-06-22 10:13:03.331110
537,-288979.3740113339,6650087.260240966,2016-06-22 10:11:29.464694
176,-286785.00605309114,6648608.962851658,2016-06-22 10:15:39.044643
965,-286110.71025846526,6648967.616819152,2016-06-22 10:14:25.259056
4,-289544.0080882061,6649909.554769948,2016-06-22 10:00:49.214718
670,-290546.1314429328,6649158.637892207,2016-06-22 10:02:42.994682
624,-289508.28011142777,6649821.342278244,2016-06-22 10:09:38.499181
371,-288984.19779253897,6650134.2268492635,2016-06-22 10:16:32.495560
542,-286825.4824005837,6647892.213567008,2016-06-22 10:05:25.994218
930,-286924.0068615231,6649677.642993703,2016-06-22 10:14:54.613767
314,-287910.48003459914,6646721.205882449,2016-06-22 10:12:00.458104
296,-288157.1338423154,6649924.504239861,2016-06-22 10:01:44.000465
454,-286862.8860655362,6647891.34465026,2016-06-22 10:03:02.814236
282,-286051.99963290006,6648937.611065402,2016-06-22 10:10:24.061874
492,-286857.7215848399,6649697.253199023,2016-06-22 10:13:42.805773
386,-286063.5286133971,6649013.946045486,2016-06-22 10:03:02.355435
26,-290811.84799615096,6648979.66526248,2016-06-22 10:01:21.083871
174,-287879.93130508985,6646705.067772224,2016-06-22 10:13:24.092948
28,-288964.5054909583,6650145.030527323,2016-06-22 10:04:44.454122
594,-286135.1010779638,6648967.003180147,2016-06-22 10:04:44.640173
72,-286792.06956345285,6647832.79693155,2016-06-22 10:10:36.559761
577,-290191.4044663296,6649544.805400064,2016-06-22 10:09:26.445314
132,-287899.6013840964,6646776.768146096,2016-06-22 10:06:21.590729
405,-288160.33561322064,6649952.056875781,2016-06-22 10:10:01.082779
784,-286763.7067982263,6648605.07639663,2016-06-22 10:03:48.840911
242,-290130.37586309627,6649509.546525274,2016-06-22 10:10:05.750505
486,-286123.49548909813,6648986.350805725,2016-06-22 10:00:18.388506
981,-290567.90059063426,6649159.923600693,2016-06-22 10:04:24.399933
742,-288219.0057669343,6650003.764851252,2016-06-22 10:15:49.738353
20,-288183.6617077207,6649965.184588378,2016-06-22 10:12:41.426334
179,-286872.30526916427,6647906.594545676,2016-06-22 10:11:02.260779
750,-287914.37399269507,6646734.030765838,2016-06-22 10:00:12.408492
903,-286053.8731678042,6648945.904673939,2016-06-22 10:13:01.801314
699,-290615.64443576377,6649184.842339965,2016-06-22 10:14:15.508901
189,-288970.75739380735,6650082.932532784,2016-06-22 10:15:01.059787
914,-287872.5769823871,6646718.9244259875,2016-06-22 10:06:50.703021
820,-290135.21275428776,6649529.988537435,2016-06-22 10:03:47.122410
958,-290188.84051099117,6649529.705356823,2016-06-22 10:11:04.568503
644,-290170.309258216,6649571.487605144,2016-06-22 10:06:26.097516
635,-288179.5264152005,6649938.743791807,2016-06-22 10:05:43.373619
81,-286914.866174218,6649667.076840982,2016-06-22 10:16:03.613557
281,-290180.13115795766,6649490.142216033,2016-06-22 10:12:50.715414
516,-286838.2073489356,6647849.288244612,2016-06-22 10:02:16.866766
418,-290811.7581776612,6648908.157918007,2016-06-22 10:04:34.980373
966,-287894.1444605346,6646783.6259295065,2016-06-22 10:02:25.375703
998,-290551.3727558154,6649130.426679073,2016-06-22 10:10:12.467396
57,-290116.83634646673,6649518.996258753,2016-06-22 10:09:46.440763
5,-288966.51058939745,6650086.929433696,2016-06-22 10:04:57.471302
186,-287905.4913477256,6646751.175516633,2016-06-22 10:04:11.295173
414,-288230.4978857212,6649987.6800901145,2016-06-22 10:08:52.934030
284,-290169.5238431159,6649490.135406859,2016-06-22 10:10:37.502063
3,-287928.88302047993,6646793.452963614,2016-06-22 10:06:31.083406
698,-287955.77469125896,6646699.016001251,2016-06-22 10:06:26.921649
780,-286828.1362243513,6647891.197145421,2016-06-22 10:15:45.215863
880,-286784.3146348416,6648561.013733812,2016-06-22 10:16:26.636054
730,-290559.3283374146,6649179.071562027,2016-06-22 10:15:46.544464
841,-290157.0661108095,6649567.303419803,2016-06-22 10:01:16.507783
696,-287966.43978586583,6646698.466262617,2016-06-22 10:13:33.206764
115,-290152.81421038706,6649564.343345127,2016-06-22 10:03:34.022924
660,-290578.07729070785,6649178.502657845,2016-06-22 10:06:55.383481
687,-290605.1033868003,6649180.943604638,2016-06-22 10:15:30.240515
219,-288216.09112416604,6649922.994968623,2016-06-22 10:08:56.472291
725,-286795.51977674547,6648603.022118019,2016-06-22 10:05:32.368686
526,-286063.82800044876,6648961.414114144,2016-06-22 10:09:32.751341
31,-290804.0509958365,6648906.601849672,2016-06-22 10:01:29.151413
747,-286782.363512838,6648599.850938164,2016-06-22 10:13:49.596041
833,-288211.2308089284,6649956.558044981,2016-06-22 10:04:28.339633
344,-286754.7591248394,6648589.943215561,2016-06-22 10:00:38.196262
501,-290827.2105451417,6648940.59195286,2016-06-22 10:05:18.273328
690,-289560.23844256357,6649896.187620902,2016-06-22 10:00:09.145747
489,-289529.9898209373,6649856.12192548,2016-06-22 10:09:40.829738
637,-290829.578341869,6648980.602211272,2016-06-22 10:14:26.141487
232,-290190.42681800266,6649574.87564702,2016-06-22 10:06:52.528169
177,-286793.2504287257,6647876.001089562,2016-06-22 10:02:19.230340
759,-288180.70057874447,6649946.265971029,2016-06-22 10:09:01.189397
113,-286802.8148872932,6648635.306386043,2016-06-22 10:06:52.482749
943,-287943.08609673433,6646717.448378751,2016-06-22 10:00:08.591226
111,-287923.65270169167,6646773.373786126,2016-06-22 10:08:27.592629
431,-290544.7921489035,6649128.228435556,2016-06-22 10:01:06.229168
775,-290820.9925004816,6648892.595454199,2016-06-22 10:01:13.415548
134,-286129.92599128006,6648935.969947611,2016-06-22 10:09:46.846848
648,-290628.34476221475,6649115.272307634,2016-06-22 10:06:27.783070
442,-286797.5319086377,6648586.298140128,2016-06-22 10:10:49.226012
711,-286059.01424988685,6649002.831243001,2016-06-22 10:13:06.692537
993,-290608.16639684595,6649114.152238236,2016-06-22 10:05:08.703558
321,-286873.7798377349,6649723.44512849,2016-06-22 10:10:24.771284
756,-286133.35907711013,6648971.948014007,2016-06-22 10:07:37.303214
193,-286827.9210958017,6648555.834029044,2016-06-22 10:05:07.996302
573,-290624.06649408216,6649175.221345569,2016-06-22 10:14:18.391865
380,-286858.2039674412,6647880.465943585,2016-06-22 10:03:31.062040
852,-286940.02123864694,6649692.906232757,2016-06-22 10:02:25.300200
363,-286943.36188702215,6649698.73545263,2016-06-22 10:14:11.088076
493,-286073.3162015636,6648935.098409035,2016-06-22 10:10:18.985112
427,-286947.9764409289,6649654.47655285,2016-06-22 10:07:10.758331
928,-286129.893102927,6648974.02493622,2016-06-22 10:10:41.474307
278,-288965.2162961304,6650146.990623587,2016-06-22 10:07:57.175307
116,-287955.1103794201,6646738.298050011,2016-06-22 10:14:58.860475
199,-290898.7954799027,6648945.296786256,2016-06-22 10:09:54.442473
483,-290811.628376622,6648922.502978319,2016-06-22 10:01:40.764597
661,-287887.7284607346,6646785.255800419,2016-06-22 10:15:36.060077
323,-290568.0317367788,6649108.0698836595,2016-06-22 10:15:02.475593
105,-289514.3138203887,6649856.827509807,2016-06-22 10:04:36.141867
229,-286937.87792145717,6649698.060382168,2016-06-22 10:08:54.919437
47,-290573.30179220886,6649165.173327396,2016-06-22 10:08:43.997721
715,-288186.70151958324,6649997.845603319,2016-06-22 10:02:14.082668
829,-286859.9072830855,6649674.461651563,2016-06-22 10:16:21.915896
792,-290099.8627773837,6649533.986756576,2016-06-22 10:09:06.098740
476,-287885.6020940339,6646718.418834436,2016-06-22 10:05:43.002394
894,-286914.4713949917,6649673.407494327,2016-06-22 10:04:10.911171
659,-289488.3116436365,6649881.172969013,2016-06-22 10:04:24.186320
109,-286869.24117124086,6649688.640398049,2016-06-22 10:08:18.699429
921,-287928.50447658676,6646703.067778743,2016-06-22 10:00:28.975118
905,-286076.98128635203,6648977.2306705825,2016-06-22 10:02:54.739792
410,-288208.88217592175,6649925.695115227,2016-06-22 10:13:16.120142
925,-290637.17632519937,6649108.308326654,2016-06-22 10:11:06.855916
523,-290811.6257843524,6648884.086684832,2016-06-22 10:05:15.882206
175,-290843.93265418493,6648928.610776679,2016-06-22 10:10:02.834193
899,-290164.6852777058,6649564.860039076,2016-06-22 10:12:18.764071
19,-286884.73445645696,6649648.900804859,2016-06-22 10:11:22.396038
353,-288964.6103472072,6650149.460200847,2016-06-22 10:04:22.857955
932,-289504.8529835017,6649898.886541499,2016-06-22 10:10:57.825889
548,-288182.30261412397,6649923.849949342,2016-06-22 10:08:15.434270
416,-289515.2556803104,6649839.612272388,2016-06-22 10:00:55.959005
162,-290099.72960380843,6649524.7100081965,2016-06-22 10:02:32.609742
151,-288143.3088714381,6649995.958321789,2016-06-22 10:15:37.402035
789,-289031.1067604109,6650098.924152526,2016-06-22 10:10:47.027015
854,-287943.2406357286,6646791.042921456,2016-06-22 10:03:27.554744
25,-289546.49882448814,6649888.1347973645,2016-06-22 10:15:49.697588
79,-286816.810563409,6647852.946084397,2016-06-22 10:08:12.482955
746,-290866.287266088,6648978.7782056015,2016-06-22 10:07:34.468525
985,-286047.1822454701,6649013.046856233,2016-06-22 10:09:37.308352
872,-286924.81635294296,6649719.479335538,2016-06-22 10:09:01.098566
600,-290825.04975935124,6648928.778511264,2016-06-22 10:14:52.568502
968,-289484.2400914774,6649812.390866818,2016-06-22 10:00:26.977816
525,-290143.5517030823,6649544.062608012,2016-06-22 10:13:09.084508
432,-287882.5871569286,6646731.081812769,2016-06-22 10:14:23.433980
367,-286806.67567365087,6647821.50901711,2016-06-22 10:15:20.819123
472,-286811.5671688647,6647830.82384794,2016-06-22 10:07:36.671270
848,-290173.0902073353,6649539.101509236,2016-06-22 10:03:32.285947
951,-288149.09567814687,6649958.742526015,2016-06-22 10:14:56.521203
933,-286051.2139690946,6648963.4215574,2016-06-22 10:00:33.316642
758,-290839.2605291545,6648948.135742992,2016-06-22 10:14:01.514687
639,-287925.1030952402,6646715.49051282,2016-06-22 10:16:20.058091
863,-289486.7082069655,6649844.5806640955,2016-06-22 10:00:43.630654
269,-288210.232303973,6649932.964856043,2016-06-22 10:04:56.385498
143,-286856.5885485502,6649665.9628833635,2016-06-22 10:06:30.637890
326,-289043.0600346269,6650126.312137681,2016-06-22 10:09:03.867422
764,-288964.77315359726,6650160.033997773,2016-06-22 10:07:01.978395
593,-287921.03799562005,6646699.272318282,2016-06-22 10:05:14.275461
425,-286875.5057790698,6647825.310184124,2016-06-22 10:11:12.390057
528,-287927.2801742158,6646792.6689878795,2016-06-22 10:03:47.421717
312,-287882.37051291956,6646737.435822957,2016-06-22 10:16:26.169810
513,-286138.3190952538,6649019.4992580945,2016-06-22 10:09:46.724597
504,-286876.94801401836,6647831.489888588,2016-06-22 10:04:55.144526
56,-286854.78035194153,6647904.40584092,2016-06-22 10:13:25.748398
601,-290840.3484938732,6648889.926433518,2016-06-22 10:00:53.498611
762,-290149.85483566235,6649484.361627846,2016-06-22 10:03:26.738855
195,-286822.9135409367,6648565.223982797,2016-06-22 10:16:31.528067
241,-290820.80870321987,6648908.430178421,2016-06-22 10:04:27.778225
346,-286798.47001704096,6648602.607238855,2016-06-22 10:05:44.806737
167,-287889.39667605143,6646731.72964781,2016-06-22 10:01:14.710950
163,-286817.2974015829,6647833.2030702215,2016-06-22 10:02:22.908319
33,-287911.12165709474,6646697.871986203,2016-06-22 10:10:07.505629
845,-287925.8187256557,6646727.09989718,2016-06-22 10:06:48.665568
449,-286780.0700777786,6648630.570017014,2016-06-22 10:02:55.130813
202,-289017.958135648,6650111.460181228,2016-06-22 10:01:27.659989
59,-290611.18696438795,6649116.550453192,2016-06-22 10:09:09.303162
310,-287932.6444935222,6646758.257131234,2016-06-22 10:00:09.716743
74,-289541.52855767397,6649881.14151965,2016-06-22 10:10:51.304982
844,-286856.73542667046,6647854.205798345,2016-06-22 10:01:33.334956
879,-288180.1639387592,6649951.5692105675,2016-06-22 10:00:06.359960
204,-290823.50030232256,6648942.878945482,2016-06-22 10:05:00.334896
254,-286893.56356852874,6649677.825177973,2016-06-22 10:08:54.008758
389,-288960.2977148337,6650142.2292287,2016-06-22 10:09:01.862251
774,-286751.6321580235,6648641.186527314,2016-06-22 10:09:34.322140
258,-286824.6531265509,6648641.424671621,2016-06-22 10:10:32.605532
351,-290881.1043385608,6648884.684289986,2016-06-22 10:06:35.920211
322,-286901.6263691383,6649634.5650826525,2016-06-22 10:09:46.815289
308,-289567.85400813015,6649821.698801026,2016-06-22 10:07:55.314732
557,-286047.77407973655,6648996.66086491,2016-06-22 10:06:26.831304
978,-286861.6592861636,6649673.69765386,2016-06-22 10:06:24.719478
688,-288970.3938251544,6650092.335376537,2016-06-22 10:08:19.293918
737,-290133.9428672897,6649557.729153246,2016-06-22 10:10:49.769767
522,-286913.8466974975,6649684.459860816,2016-06-22 10:05:52.870019
400,-290608.3863825573,6649161.495680827,2016-06-22 10:09:28.133565
770,-290605.7588963202,6649120.842688417,2016-06-22 10:14:05.151996
499,-289497.61718390795,6649900.940337024,2016-06-22 10:00:53.038269
110,-287907.4767677508,6646788.945851581,2016-06-22 10:08:49.117789
815,-289538.53939001984,6649903.676493331,2016-06-22 10:03:39.017976
448,-290890.33689923014,6648973.184212631,2016-06-22 10:13:25.343942
467,-289565.42860420607,6649829.122564132,2016-06-22 10:14:12.486132
398,-290181.0207580234,6649563.288310811,2016-06-22 10:10:27.788411
684,-289478.1015379075,6649900.209190474,2016-06-22 10:00:48.003537
39,-289497.61944178963,6649820.126180404,2016-06-22 10:12:54.264823
488,-286135.0409853783,6648962.045916136,2016-06-22 10:03:51.212005
957,-290185.84630798985,6649491.0443904465,2016-06-22 10:05:02.895019
560,-290156.50746614195,6649494.019786018,2016-06-22 10:05:07.969977
713,-289531.5435770314,6649840.562636391,2016-06-22 10:13:51.020226
505,-290628.06522027985,6649130.056366997,2016-06-22 10:11:26.471299
203,-286930.3672057039,6649727.818998373,2016-06-22 10:02:43.140384
645,-289557.6476831365,6649851.61052592,2016-06-22 10:00:19.551806
638,-286134.47717729246,6648983.2789394455,2016-06-22 10:08:52.749407
368,-290623.5091073787,6649134.308546927,2016-06-22 10:05:18.526025
691,-288215.48401902866,6649921.899353594,2016-06-22 10:15:57.331563
719,-286790.62511449924,6648615.73926508,2016-06-22 10:07:46.119030
490,-289040.417113749,6650151.716245537,2016-06-22 10:13:47.837565
861,-286846.186789077,6647855.936311024,2016-06-22 10:09:22.075131
870,-286801.78000505274,6647854.803307991,2016-06-22 10:03:52.157693
714,-287959.79311761825,6646776.750459338,2016-06-22 10:00:15.640721
356,-286806.5442341441,6648559.87245475,2016-06-22 10:03:48.221028
376,-286884.45676599233,6649696.814488046,2016-06-22 10:07:39.740652
298,-290175.489235904,6649536.60887696,2016-06-22 10:07:11.002894
100,-286767.79399440973,6648556.628281775,2016-06-22 10:08:05.032407
768,-286048.36823411344,6648948.39245164,2016-06-22 10:05:08.453370
909,-287944.5671343435,6646740.074201818,2016-06-22 10:10:06.923710
409,-290834.44471102447,6648915.13415254,2016-06-22 10:15:56.308321
716,-287956.82173201366,6646736.279210643,2016-06-22 10:10:08.898003
904,-288228.9863435902,6649967.318284295,2016-06-22 10:05:44.711799
213,-288217.54913790664,6649920.987345269,2016-06-22 10:03:24.221708
610,-286918.1951038009,6649702.283089088,2016-06-22 10:06:52.138729
470,-287900.6782957479,6646755.297772345,2016-06-22 10:08:52.201308
237,-286072.8706256842,6648935.638920183,2016-06-22 10:03:47.218011
153,-289550.8533949456,6649908.616432923,2016-06-22 10:16:27.043371
627,-289008.7537891881,6650101.4548978945,2016-06-22 10:00:47.213158
869,-290139.41426245135,6649487.020950827,2016-06-22 10:09:10.284347
123,-286895.25168525946,6649660.069152014,2016-06-22 10:00:05.942114
217,-286858.41994060564,6647807.700329102,2016-06-22 10:05:12.959857
342,-286121.4222655312,6648997.417060529,2016-06-22 10:06:59.164003
974,-290829.04332434386,6648923.081049518,2016-06-22 10:01:15.970389
48,-286800.6355589327,6647902.404651399,2016-06-22 10:09:14.169392
592,-289479.13431211154,6649812.530832986,2016-06-22 10:12:54.671248
303,-290578.671489385,6649186.544144381,2016-06-22 10:13:50.358755
126,-288177.3672370474,6649957.3054967215,2016-06-22 10:09:03.388010
530,-290632.89613202907,6649139.631039031,2016-06-22 10:15:39.597892
108,-290840.4417563923,6648977.480562362,2016-06-22 10:02:49.629992
650,-287913.49315241986,6646745.658061055,2016-06-22 10:15:57.271360
23,-290866.6446524745,6648958.878159148,2016-06-22 10:04:20.171145
534,-290170.87926010747,6649512.530887818,2016-06-22 10:05:48.609350
154,-290606.3471096651,6649175.010972059,2016-06-22 10:05:40.497075
495,-290189.3767395195,6649520.967743967,2016-06-22 10:13:16.513770
607,-289058.40208325087,6650092.894358535,2016-06-22 10:00:39.941643
798,-286853.74096739246,6647892.519236851,2016-06-22 10:11:05.939553
821,-290844.4278095401,6648897.5684455475,2016-06-22 10:15:45.242524
479,-289502.0642049523,6649890.128428535,2016-06-22 10:06:47.757733
394,-287895.2683334135,6646787.1577040395,2016-06-22 10:12:32.555993
757,-290160.9224899888,6649553.819078893,2016-06-22 10:15:27.455745
401,-290164.35297589644,6649574.736259313,2016-06-22 10:15:38.971944
180,-286866.56422073353,6647904.831633372,2016-06-22 10:10:02.414535
586,-286757.0786550395,6648640.911655084,2016-06-22 10:15:24.928452
791,-290597.07443683955,6649122.924034798,2016-06-22 10:02:12.669499
654,-286817.07280410605,6647875.847287756,2016-06-22 10:04:43.381966
194,-286116.9483625052,6648997.802934837,2016-06-22 10:02:55.513758
336,-290127.13019609614,6649557.963790078,2016-06-22 10:00:31.512149
261,-286879.7942190656,6649634.786221275,2016-06-22 10:04:53.163122
291,-286046.4119817533,6648973.162909369,2016-06-22 10:09:12.105958
631,-286915.01164882345,6649662.521448005,2016-06-22 10:03:24.661563
138,-286834.40943491145,6648628.757979634,2016-06-22 10:08:56.884287
550,-290632.75042357616,6649185.469540966,2016-06-22 10:05:20.003856
934,-286122.43552983104,6648945.925850035,2016-06-22 10:06:32.918395
590,-290588.1963205464,6649173.0515223,2016-06-22 10:15:08.968321
215,-287897.33602910675,6646777.436905711,2016-06-22 10:10:05.440520
836,-290097.4941560738,6649537.04408781,2016-06-22 10:03:52.717215
902,-286836.4982028114,6648604.104092599,2016-06-22 10:14:04.230600
220,-290157.0270851501,6649506.778403951,2016-06-22 10:09:42.029154
643,-288208.2248891634,6649950.022902529,2016-06-22 10:03:55.305446
795,-287935.1967226198,6646735.332023896,2016-06-22 10:13:58.625052
121,-287895.2791125292,6646743.295073413,2016-06-22 10:13:01.609261
961,-286873.3738186128,6647894.646860922,2016-06-22 10:00:06.640313
817,-290618.0819092337,6649189.267247011,2016-06-22 10:09:51.974327
238,-289504.2880425997,6649821.297649384,2016-06-22 10:13:15.610268
803,-290125.7725876003,6649482.949842738,2016-06-22 10:09:25.895071
662,-287894.82335976115,6646704.427233036,2016-06-22 10:00:16.092962
12,-286891.30726591364,6649699.483738093,2016-06-22 10:14:58.237001
112,-287878.5461890149,6646732.729579256,2016-06-22 10:10:03.412131
533,-286824.7690517186,6647815.643107039,2016-06-22 10:06:22.238466
102,-289519.44257512235,6649837.93917426,2016-06-22 10:05:21.888084
984,-288152.1515855298,6649999.777288538,2016-06-22 10:14:02.739733
683,-286777.48526200803,6648615.554227866,2016-06-22 10:13:58.021781
331,-286772.4657413833,6648604.862879475,2016-06-22 10:04:04.634335
891,-288994.004790656,6650156.78335614,2016-06-22 10:08:56.831383
897,-289005.5759436148,6650087.973585381,2016-06-22 10:12:17.236300
558,-290822.9247097512,6648929.73753349,2016-06-22 10:05:37.541733
41,-289044.2263173829,6650144.296010324,2016-06-22 10:02:26.242946
709,-286837.6804277066,6647858.513003151,2016-06-22 10:11:10.214288
76,-286783.8584320642,6647894.110555668,2016-06-22 10:05:46.965177
419,-290117.5655863492,6649565.076851404,2016-06-22 10:03:37.305263
240,-288184.5206702696,6649974.686452653,2016-06-22 10:10:05.499944
781,-287963.1943574445,6646720.003605892,2016-06-22 10:03:52.032578
884,-289489.33857610275,6649886.201683092,2016-06-22 10:12:00.321223
971,-288170.4909343991,6649993.951629174,2016-06-22 10:00:59.294668
164,-288228.9069036425,6649954.9176345775,2016-06-22 10:02:20.243582
69,-290823.1783286465,6648958.430229686,2016-06-22 10:02:12.081062
67,-286762.4183069953,6648611.532567441,2016-06-22 10:06:54.319090
94,-287960.79095469904,6646756.519030156,2016-06-22 10:15:25.675473
210,-286872.2419265561,6647869.281252018,2016-06-22 10:05:12.967411
30,-288209.1537409287,6650008.706763879,2016-06-22 10:15:56.710301
15,-290812.41021722794,6648966.018352939,2016-06-22 10:12:12.346026
92,-287933.84520024725,6646709.581048556,2016-06-22 10:15:39.384103
813,-289489.95330089383,6649847.950212706,2016-06-22 10:00:40.236856
524,-290880.20704684587,6648974.733084836,2016-06-22 10:01:08.860045
867,-286790.01842930674,6648556.139908259,2016-06-22 10:07:33.465756
585,-286139.237365717,6648979.703945864,2016-06-22 10:13:06.230419
391,-289509.6231414563,6649892.979190564,2016-06-22 10:13:36.992699
188,-290874.64879943844,6648885.88062321,2016-06-22 10:04:15.580819
477,-289516.94881330826,6649901.281310503,2016-06-22 10:11:41.282402
207,-289522.2383958344,6649834.649600539,2016-06-22 10:00:18.372448
703,-290192.08215524605,6649544.605996423,2016-06-22 10:14:52.911061
843,-290555.09171593946,6649112.779390946,2016-06-22 10:08:35.075749
352,-286890.7119960976,6649655.168914462,2016-06-22 10:14:31.885418
885,-286865.7396326284,6649720.412737909,2016-06-22 10:11:39.640323
494,-286052.8477302094,6648971.4667168725,2016-06-22 10:12:46.387499
437,-286070.943353112,6648936.419612378,2016-06-22 10:00:34.250029
518,-286898.3076525379,6649701.10614321,2016-06-22 10:04:13.654792
816,-290806.8248093941,6648961.166648928,2016-06-22 10:08:02.238893
107,-286829.3355894284,6647864.280340098,2016-06-22 10:10:57.197799
628,-286132.1105427511,6648973.584324828,2016-06-22 10:13:38.607056
484,-286804.49983835703,6647874.425378844,2016-06-22 10:04:01.035257
952,-287944.7194630878,6646778.403179219,2016-06-22 10:07:35.628966
309,-286073.95660087094,6648954.862608055,2016-06-22 10:03:55.340348
898,-286893.79609046126,6649728.483673089,2016-06-22 10:10:23.975141
211,-290602.3824345264,6649205.383998365,2016-06-22 10:14:37.986208
842,-286069.34212434024,6648971.788004577,2016-06-22 10:11:58.288999
697,-290156.36785362277,6649556.200064396,2016-06-22 10:14:43.675948
632,-286131.0825649812,6648933.900827763,2016-06-22 10:15:55.518755
588,-289056.75881029293,6650153.003194172,2016-06-22 10:10:04.228292
433,-286855.3267363696,6647890.53015683,2016-06-22 10:07:26.507778
408,-289480.8904658221,6649821.797104086,2016-06-22 10:06:51.029671
975,-290586.95207417617,6649141.340930328,2016-06-22 10:12:56.840326
343,-286822.9978677505,6647819.397446699,2016-06-22 10:07:48.988692
71,-288204.33941107354,6649947.780148495,2016-06-22 10:01:35.409704
378,-286948.5196211413,6649639.657044883,2016-06-22 10:16:13.488804
58,-286908.64846782666,6649709.081994319,2016-06-22 10:00:59.770522
280,-288194.0222776545,6649984.915196292,2016-06-22 10:03:46.904489
97,-289529.38060571573,6649874.835507342,2016-06-22 10:13:14.852250
60,-286143.60316348035,6648971.066567742,2016-06-22 10:05:44.552071
99,-286921.33114485216,6649683.386057383,2016-06-22 10:01:22.346436
159,-286823.98340862524,6648612.867906729,2016-06-22 10:13:41.907844
640,-289475.0140760837,6649892.350561581,2016-06-22 10:09:23.219233
393,-290802.93345319486,6648905.497774986,2016-06-22 10:09:10.447244
665,-290096.27866612794,6649568.898545879,2016-06-22 10:02:53.290098
32,-290100.8325862212,6649477.808293608,2016-06-22 10:10:25.462655
823,-286763.12233321555,6648545.3747633975,2016-06-22 10:03:43.314092
936,-288205.12188781856,6649938.337283427,2016-06-22 10:02:57.618674
675,-290171.73462904914,6649483.1364581175,2016-06-22 10:05:21.597024
649,-286078.95005072607,6649005.594645913,2016-06-22 10:01:19.936064
751,-290842.18948095175,6648975.356933194,2016-06-22 10:11:16.145976
285,-289491.43350153783,6649825.671234956,2016-06-22 10:04:39.984214
825,-286802.7236854357,6648633.3771540085,2016-06-22 10:03:11.182011
846,-288962.81088532624,6650078.734432303,2016-06-22 10:15:08.189144
305,-286915.1730871653,6649718.823722772,2016-06-22 10:03:28.314315
37,-288958.7933534263,6650147.095361312,2016-06-22 10:08:25.922767
169,-288228.61380621727,6649999.725118597,2016-06-22 10:04:00.804990
565,-290154.45287143934,6649512.009718032,2016-06-22 10:03:52.665932
29,-289043.7684791357,6650096.415590236,2016-06-22 10:05:35.869801
686,-290140.05826230795,6649565.425053502,2016-06-22 10:14:07.483930
293,-286879.96848258114,6649659.725249768,2016-06-22 10:15:53.478806
997,-287882.0534517488,6646697.038505582,2016-06-22 10:03:50.815841
674,-290822.73251303966,6648881.021679378,2016-06-22 10:05:47.021813
782,-286143.0734023939,6649003.47736881,2016-06-22 10:13:33.636060
947,-290823.2164424334,6648978.764034203,2016-06-22 10:13:23.272554
682,-289048.4264631008,6650161.7289905725,2016-06-22 10:06:13.845632
743,-290604.73725300113,6649162.392713041,2016-06-22 10:11:35.807082
456,-289539.6185424382,6649893.697332365,2016-06-22 10:07:16.484445
212,-288157.64616117714,6649934.934155514,2016-06-22 10:00:01.132284
529,-286809.7807838724,6647868.133285474,2016-06-22 10:14:42.162265
992,-286902.5851517454,6649680.180416644,2016-06-22 10:12:33.664582
369,-290108.3488090067,6649519.816840021,2016-06-22 10:13:38.477283
294,-286822.816901513,6647887.335520137,2016-06-22 10:01:12.698374
265,-290827.1248505052,6648931.344344249,2016-06-22 10:15:43.539470
877,-289557.16426533513,6649858.7958739735,2016-06-22 10:12:58.835394
692,-286892.09540950676,6649705.272616658,2016-06-22 10:12:44.688831
847,-290179.14726932364,6649566.287841436,2016-06-22 10:15:34.001245
178,-290541.65358759294,6649143.939639562,2016-06-22 10:03:05.088976
646,-287953.94468481746,6646747.718438048,2016-06-22 10:13:32.208726
544,-289033.28663698287,6650176.082401087,2016-06-22 10:03:58.983955
896,-290139.4096124643,6649480.3505276395,2016-06-22 10:13:09.963257
384,-287950.1014439945,6646735.954064068,2016-06-22 10:09:03.100098
404,-286895.0571047987,6649658.284752051,2016-06-22 10:01:01.303187
822,-286829.3548475814,6647829.291665682,2016-06-22 10:08:20.068338
422,-286933.64742557326,6649701.381547742,2016-06-22 10:16:03.864696
0,-286804.3732529516,6648557.6803517975,2016-06-22 10:13:34.773174
362,-290587.1801656469,6649166.404333127,2016-06-22 10:11:28.866791
945,-288981.6602855063,6650107.170086622,2016-06-22 10:06:41.501470
527,-290179.5924389783,6649499.035595986,2016-06-22 10:14:29.377875
702,-286797.4411704753,6648634.960823729,2016-06-22 10:08:07.120169
895,-290840.2519955586,6648923.514834422,2016-06-22 10:07:04.025905
171,-286753.2941536113,6648610.513380415,2016-06-22 10:14:54.856442
668,-288165.05068485026,6649983.800618152,2016-06-22 10:10:42.084304
917,-286887.4297519546,6649682.352850313,2016-06-22 10:12:20.867059
250,-288214.01928458846,6649930.100693997,2016-06-22 10:10:45.784985
545,-290172.4072969752,6649548.61018371,2016-06-22 10:07:03.745310
502,-286056.9698650698,6648977.907069487,2016-06-22 10:14:02.156965
161,-290599.4871837893,6649203.166275405,2016-06-22 10:12:13.478471
473,-286104.32592205534,6648943.066561636,2016-06-22 10:10:59.436291
503,-287927.51770754484,6646708.150294474,2016-06-22 10:13:57.965996
396,-286832.79167645104,6648605.406937901,2016-06-22 10:04:21.795222
496,-286104.9554250529,6649000.57854605,2016-06-22 10:13:27.949443
740,-290891.5853710337,6648980.370555164,2016-06-22 10:11:18.448764
98,-288178.0063368086,6649964.524411836,2016-06-22 10:06:28.061644
214,-290846.79974551266,6648906.229431333,2016-06-22 10:00:15.242112
491,-286773.9273447995,6648560.535715389,2016-06-22 10:15:55.420924
922,-287963.68951536214,6646710.676109159,2016-06-22 10:05:15.150449
22,-290556.7581291178,6649148.195505201,2016-06-22 10:13:36.693921
760,-290173.32852814405,6649524.494614524,2016-06-22 10:14:12.961172
705,-287955.25746908964,6646707.165607907,2016-06-22 10:04:14.099388
582,-286940.46250132937,6649717.5561395865,2016-06-22 10:00:39.131093
251,-288140.7055547838,6650005.618163124,2016-06-22 10:07:44.727072
977,-288179.9532941611,6649993.629782717,2016-06-22 10:05:52.384118
991,-289533.8321911587,6649836.56447349,2016-06-22 10:09:05.746272
160,-290586.5102575041,6649122.848255434,2016-06-22 10:03:20.481714
634,-289565.85180384154,6649909.581598736,2016-06-22 10:10:53.293243
606,-289541.29304742836,6649860.5111399265,2016-06-22 10:02:22.999650
612,-288147.8800311705,6649993.038447683,2016-06-22 10:08:53.112782
619,-286109.220126909,6648993.347636672,2016-06-22 10:09:16.328296
929,-290556.22084955685,6649148.8581768265,2016-06-22 10:07:49.786823
531,-289045.776478877,6650131.211737946,2016-06-22 10:10:36.581778
390,-290624.06857329997,6649177.111418657,2016-06-22 10:01:23.383778
835,-286089.47844724916,6648998.783105928,2016-06-22 10:15:36.564523
755,-290588.27098852926,6649139.14226095,2016-06-22 10:10:03.752472
333,-286046.14321104705,6648930.418111531,2016-06-22 10:03:05.200309
61,-290178.17933991953,6649499.119293074,2016-06-22 10:03:42.744029
827,-289054.7466532044,6650141.26913503,2016-06-22 10:06:47.408826
609,-290883.3633222055,6648922.338525647,2016-06-22 10:05:54.336852
125,-286087.26554460486,6649019.032086308,2016-06-22 10:15:40.862642
270,-290572.70333044307,6649195.711363928,2016-06-22 10:12:21.883370
266,-286050.52879055834,6648963.857633089,2016-06-22 10:00:17.315978
70,-287904.328487604,6646761.346934962,2016-06-22 10:07:58.420683
942,-286927.34258000914,6649719.613785839,2016-06-22 10:10:33.143717
783,-286876.297312846,6649660.226779686,2016-06-22 10:01:07.936051
45,-290584.52176786575,6649117.7716385415,2016-06-22 10:01:39.574693
459,-288968.48356686777,6650092.03898506,2016-06-22 10:05:33.102974
117,-286133.46171948867,6648943.23501093,2016-06-22 10:03:44.540178
708,-290551.5072039395,6649204.735746834,2016-06-22 10:06:31.385530
101,-288222.84909148945,6649965.779993061,2016-06-22 10:09:21.186774
596,-287911.9956890892,6646761.016166681,2016-06-22 10:13:09.476802
858,-286125.6188718214,6648958.958319123,2016-06-22 10:04:46.940787
18,-289474.4247335932,6649841.005978771,2016-06-22 10:00:22.825980
801,-290564.2736363479,6649112.80306561,2016-06-22 10:09:53.269424
657,-286808.22819319414,6648549.183276635,2016-06-22 10:13:16.329462
252,-286769.53555823345,6648624.012339932,2016-06-22 10:02:41.909497
127,-290881.24286481884,6648978.352369207,2016-06-22 10:09:03.925292
597,-286057.45378593076,6648981.390265119,2016-06-22 10:03:08.936255
776,-289472.38329722296,6649875.210816735,2016-06-22 10:10:07.188504
114,-290193.8623388919,6649507.640553657,2016-06-22 10:03:45.686905
778,-286747.74288315844,6648563.730243714,2016-06-22 10:09:08.590334
575,-289545.7131525409,6649889.469965067,2016-06-22 10:13:12.832900
256,-290157.1489065332,6649546.3142132275,2016-06-22 10:00:56.276225
441,-286833.47918542556,6648555.589151673,2016-06-22 10:10:36.933539
799,-290596.93501441326,6649135.267642809,2016-06-22 10:06:25.762433
802,-290842.507192942,6648922.145657579,2016-06-22 10:14:37.155043
950,-288163.90039195487,6649971.843428787,2016-06-22 10:08:00.292469
481,-286757.8286937425,6648627.694976176,2016-06-22 10:16:14.038908
745,-290830.0383369547,6648936.930448922,2016-06-22 10:03:34.833983
986,-289547.6721677823,6649901.672434633,2016-06-22 10:06:40.191869
616,-290817.52441496524,6648963.24197137,2016-06-22 10:14:03.789124
35,-286948.0842342745,6649652.578933175,2016-06-22 10:15:47.857403
572,-287915.804814282,6646794.202443185,2016-06-22 10:04:53.261742
732,-286125.74544543045,6648958.676512388,2016-06-22 10:00:56.071223
772,-286926.22364426905,6649725.3587829005,2016-06-22 10:11:41.790355
370,-288225.9525929909,6649962.714439964,2016-06-22 10:04:20.362014
888,-286818.4819333133,6648562.314247478,2016-06-22 10:02:56.469297
712,-288991.8356759118,6650079.866939165,2016-06-22 10:02:13.546014
103,-290111.4790246347,6649564.528604535,2016-06-22 10:01:26.979152
434,-290163.1026383502,6649486.302866015,2016-06-22 10:13:23.631598
509,-289562.1658348794,6649866.284328109,2016-06-22 10:07:23.562798
907,-286916.2295442083,6649704.5838951245,2016-06-22 10:16:35.329716
364,-286052.04295852146,6649014.313583362,2016-06-22 10:11:06.923088
118,-290599.45626017323,6649188.348297596,2016-06-22 10:09:09.688587
458,-288990.3391944499,6650127.944596248,2016-06-22 10:07:46.873843
96,-288159.3665559183,6649920.187125803,2016-06-22 10:05:20.091859
570,-286848.0295020316,6647885.731479664,2016-06-22 10:03:37.370371
678,-290844.63161448325,6648936.849187098,2016-06-22 10:15:51.444989
122,-290140.6027897376,6649573.707616014,2016-06-22 10:15:11.680112
883,-288185.71338266256,6649992.612161746,2016-06-22 10:14:55.867420
669,-286064.86426331225,6648929.837777767,2016-06-22 10:16:23.265995
568,-286781.7188739484,6647848.051425234,2016-06-22 10:15:15.447855
145,-286049.2874136603,6648945.744730617,2016-06-22 10:00:00.741807
2,-286940.16691196884,6649730.61007666,2016-06-22 10:00:24.934379
10,-286867.1102226584,6649719.696031249,2016-06-22 10:13:22.066661
561,-289000.2356379627,6650100.808994422,2016-06-22 10:10:32.216381
615,-286832.6337073012,6648592.439143557,2016-06-22 10:14:24.843076
53,-290112.9431433394,6649550.301116903,2016-06-22 10:08:20.880870
876,-286881.6712732959,6649684.614508285,2016-06-22 10:04:05.866730
244,-288987.6080938674,6650110.230945895,2016-06-22 10:05:58.824796
146,-286813.9853547261,6648594.56230887,2016-06-22 10:12:39.027396
231,-290158.4868981346,6649569.9544760585,2016-06-22 10:00:57.776228
744,-288188.1644910124,6649928.187663635,2016-06-22 10:13:55.196892
397,-288177.44820391526,6649981.929746793,2016-06-22 10:06:10.084337
653,-290142.4006793995,6649485.43195036,2016-06-22 10:05:05.771040
377,-286869.5058508092,6649730.593537238,2016-06-22 10:11:02.646935
65,-286915.0512391035,6649646.727384445,2016-06-22 10:15:39.838246
104,-290835.5989979884,6648919.023611906,2016-06-22 10:13:58.895282
581,-289538.4030755551,6649899.27729473,2016-06-22 10:09:16.442268
392,-287901.7524433824,6646734.768229958,2016-06-22 10:13:08.168297
556,-289017.9273612321,6650133.240964545,2016-06-22 10:07:56.513871
429,-288162.6538801612,6649926.019582777,2016-06-22 10:13:02.038094
430,-290153.8365253259,6649570.3843794735,2016-06-22 10:08:35.724352
302,-287902.0568336294,6646759.974572049,2016-06-22 10:12:22.569024
521,-286782.0788853064,6648621.1097491365,2016-06-22 10:16:01.347241
287,-286098.2869254056,6649016.453224368,2016-06-22 10:01:02.474408
382,-286899.3359839244,6649651.036713754,2016-06-22 10:00:06.253216
383,-286116.36054483074,6648990.099684293,2016-06-22 10:15:16.236992
959,-289530.3475703355,6649874.642954456,2016-06-22 10:11:35.640120
838,-290808.3823828337,6648899.582965339,2016-06-22 10:06:21.379510
185,-286072.22606805054,6648994.258053354,2016-06-22 10:01:33.112305
723,-288192.7032308138,6649946.100156044,2016-06-22 10:02:34.681880
510,-286794.1897102051,6648640.712079812,2016-06-22 10:07:31.889881
